date,code,close,pbMRQ,isST,ave_close,ave_pbMRQ,code_name,totalShare,marketCapitalization,HML,SMB,ratio
2018-04-10,sz.002181,4.35,1.354373,0,4.345999999999999,1.3531276,粤传媒,1161058174.0,5045958824.2039995,3,7,0.019169398786107288
2018-04-10,sh.600880,4.73,1.450998,0,4.73,1.450998,博瑞传播,1093332092.0,5171460795.160001,4,8,0.020162629876415518
2018-04-10,sz.000733,13.54,1.527009,0,13.852,1.5621952,振华科技,469342218.0,6501328403.736,7,11,0.023240949493415215
2018-04-10,sz.002073,7.44,1.513616,0,7.517999999999999,1.5294852,软控股份,935444674.0,7032673059.131999,6,13,0.023850497442990413
2018-04-10,sh.600601,3.08,1.826549,0,3.112,1.8455264,方正科技,2194891204.0,6830501426.848001,9,12,0.026060232043596136
2018-04-17,sh.600880,4.73,1.450998,0,4.73,1.450998,博瑞传播,1093332092.0,5171460795.160001,5,8,0.020474521904879035
2018-04-17,sz.002181,5.3,1.6501549999999998,0,4.6480000000000015,1.4471548,粤传媒,1161058174.0,5396598392.752002,4,9,0.020813101826095585
2018-04-17,sz.000733,13.04,1.474665,0,13.466,1.5194721999999998,振华科技,469342218.0,6320162307.587999,7,11,0.022928614923036217
2018-04-17,sz.002073,7.11,1.44648,0,7.308,1.4867618,软控股份,935444674.0,6836229677.592,6,13,0.023507563387935512
2018-04-17,sh.600601,2.98,1.767246,0,3.04,1.8028278,方正科技,2194891204.0,6672469260.16,9,12,0.02584540888588821
2018-04-24,sh.600880,4.73,1.420154,0,4.73,1.4386603999999998,博瑞传播,1093332092.0,5171460795.160001,3,9,0.020915040621051893
2018-04-24,sz.000917,6.76,0.891342,0,6.726000000000001,0.8868590000000001,电广传媒,1417556338.0,9534483929.388,1,14,0.023268186515636037
2018-04-24,sz.002073,7.37,1.499193,0,7.3,1.4850624,软控股份,935444674.0,6828746120.2,5,13,0.02402623195157064
2018-04-24,sz.000733,15.02,1.698578,0,14.492,1.6388678,振华科技,469342218.0,6801707423.2560005,6,12,0.02531420753095945
2018-04-24,sz.002181,6.01,1.781327,0,5.698,1.7239098000000002,粤传媒,1161058174.0,6615709475.452001,8,10,0.02574673036190757
2018-04-24,sh.600601,3.08,1.826549,0,3.076,1.8241772,方正科技,2194891204.0,6751485343.504,10,11,0.026837153875455204
2018-05-03,sh.600880,4.73,1.416084,0,4.73,1.4185259999999995,博瑞传播,1093332092.0,5171460795.160001,4,8,0.020693003037459017
2018-05-03,sh.601999,6.83,1.811446,0,6.8980000000000015,1.8294806000000001,出版传媒,550914700.0,3800209600.600001,10,2,0.021956838366925552
2018-05-03,sz.000917,6.68,0.953443,0,6.634,0.903636,电广传媒,1417556338.0,9404068746.292,1,14,0.02325542123300441
2018-05-03,sz.002073,7.38,1.501227,0,7.386,1.5024476,软控股份,935444674.0,6909194362.1640005,5,10,0.024277894067292534
2018-05-03,sz.000733,15.03,1.665459,0,14.916,1.6595674000000002,振华科技,469342218.0,7000708523.688,7,12,0.02577637377948553
2018-05-03,sz.002181,5.67,1.6823119999999998,0,5.984,1.7743186000000002,粤传媒,1161058174.0,6947772113.216,9,11,0.026673299432658323
2018-05-10,sh.600880,4.73,1.416084,0,4.73,1.416084,博瑞传播,1093332092.0,5171460795.160001,4,8,0.020761724557191157
2018-05-10,sh.601999,7.08,1.877751,0,6.982000000000001,1.8517592,出版传媒,550914700.0,3846486435.4000006,10,2,0.022314070162801708
2018-05-10,sz.002073,7.51,1.527671,0,7.476000000000001,1.5207549999999999,软控股份,935444674.0,6993384382.824,6,12,0.024683545474051764
2018-05-10,sz.000917,7.0,0.999117,0,6.914,0.986842,电广传媒,1417556338.0,9800984520.932,1,15,0.024744205829991844
2018-05-10,sz.002181,5.57,1.6526419999999995,0,5.608,1.6639166,粤传媒,1161058174.0,6511214239.792,8,10,0.025116060775134424
2018-05-10,sz.000733,14.49,1.605622,0,14.745999999999999,1.6339894,振华科技,469342218.0,6920920346.627999,7,11,0.025537868628338886
2018-05-17,sh.600880,4.73,1.416084,0,4.73,1.416084,博瑞传播,1093332092.0,5171460795.160001,4,8,0.020850552194240965
2018-05-17,sh.601999,6.9,1.830011,0,6.984,1.8522894,出版传媒,550914700.0,3847588264.8,10,2,0.022365240259066273
2018-05-17,sz.002181,5.15,1.528026,0,5.234,1.5529492,粤传媒,1161058174.0,6076978482.716,7,10,0.02354840388402614
2018-05-17,sz.002073,7.23,1.470714,0,7.286,1.4821053999999998,软控股份,935444674.0,6815649894.764,6,12,0.02418353909249505
2018-05-17,sz.000733,14.08,1.560191,0,14.25,1.5790282000000002,振华科技,469342218.0,6688126606.5,8,11,0.024800482266431115
2018-05-24,sh.600880,4.73,1.416084,0,4.73,1.416084,博瑞传播,1093332092.0,5171460795.160001,4,7,0.020473754617407903
2018-05-24,sh.601999,6.99,1.853881,0,7.016,1.8607764,出版传媒,550914700.0,3865217535.2,10,2,0.022022505278528597
2018-05-24,sz.002181,5.41,1.605169,0,5.272,1.564224,粤传媒,1161058174.0,6121098693.328,7,9,0.02329619494935242
2018-05-24,sz.002073,7.49,1.523603,0,7.504,1.5264508000000003,软控股份,935444674.0,7019576833.695999,6,11,0.024476342732914765
2018-05-24,sz.000733,14.78,1.637757,0,14.964000000000002,1.6581456,振华科技,469342218.0,7023236950.152001,8,12,0.025585423745397927
2018-05-31,sh.600880,4.73,1.416084,0,4.73,1.416084,博瑞传播,1093332092.0,5171460795.160001,5,7,0.021602609542155038
2018-05-31,sh.601999,6.65,1.7637060000000002,0,6.7200000000000015,1.7822716,出版传媒,550914700.0,3702146784.000001,10,3,0.02231887768389211
2018-05-31,sz.002073,6.99,1.421894,0,7.192,1.4629844,软控股份,935444674.0,6727718095.408,6,13,0.024721278543351623
2018-05-31,sz.000733,13.79,1.528056,0,13.951999999999998,1.5460068,振华科技,469342218.0,6548262625.535999,7,11,0.02515031525040249
2018-05-31,sz.000917,6.59,0.940597,0,6.7780000000000005,0.9674306,电广传媒,1417556338.0,9608196858.964,1,15,0.025299905080473473
2018-05-31,sz.002181,5.34,1.5844,0,5.534,1.6419606000000002,粤传媒,1161058174.0,6425295934.915999,8,10,0.02579269751159652
2018-06-07,sh.600880,4.73,1.416084,0,4.73,1.416084,博瑞传播,1093332092.0,5171460795.160001,6,7,0.022098833466664723
2018-06-07,sh.601999,6.55,1.737184,0,6.597999999999999,1.749915,出版传媒,550914700.0,3634935190.5999994,10,3,0.0224408134390418
2018-06-07,sz.002181,4.78,1.418246,0,4.87,1.444949,粤传媒,1161058174.0,5654353307.38,7,9,0.02321607590688346
2018-06-07,sz.002073,6.74,1.371039,0,6.9220000000000015,1.4080614,软控股份,935444674.0,6475148033.428001,5,12,0.024328248919420294
2018-06-07,sz.000733,13.48,1.4937049999999998,0,13.558000000000002,1.502348,振华科技,469342218.0,6363341791.644001,8,11,0.024993919846211004
2018-06-14,sh.601999,6.09,1.615184,0,6.23,1.6523143999999998,出版传媒,550914700.0,3432198581.0,9,2,0.021455418601438563
2018-06-14,sh.600880,4.73,1.416084,0,4.73,1.416084,博瑞传播,1093332092.0,5171460795.160001,6,8,0.022443898738664914
2018-06-14,sz.002073,6.48,1.318151,0,6.496,1.3214054000000002,软控股份,935444674.0,6076648602.304001,3,10,0.023218590648412963
2018-06-14,sz.002181,4.75,1.4093440000000002,0,4.859999999999999,1.4419818000000002,粤传媒,1161058174.0,5642742725.639999,7,9,0.023539526230277597
2018-06-14,sz.000733,13.23,1.4660030000000002,0,13.064000000000002,1.4476086,振华科技,469342218.0,6131486735.952001,8,12,0.024480280229510563
2018-06-22,sh.601999,5.3,1.405661,0,5.412000000000001,1.4353653999999998,出版传媒,550914700.0,2981550356.4000006,9,2,0.02154548682050799
2018-06-22,sz.002073,5.54,1.126937,0,5.774,1.1745373999999995,软控股份,935444674.0,5401257547.676,3,10,0.02404914483598634
2018-06-22,sz.002181,4.13,1.225388,0,4.352,1.2912563999999995,粤传媒,1161058174.0,5052925173.248,6,8,0.02452067993052065
2018-06-22,sh.600880,4.73,1.416084,0,4.73,1.416084,博瑞传播,1093332092.0,5171460795.160001,8,9,0.026089319744937237
2018-06-22,sz.000733,12.22,1.354086,0,12.276,1.3602912,振华科技,469342218.0,5761645068.168,7,12,0.026782208142799822
2018-06-29,sh.601999,5.55,1.471965,0,5.401999999999999,1.432713,出版传媒,550914700.0,2976041209.3999996,9,2,0.022538217539981302
2018-06-29,sz.002181,4.11,1.219454,0,4.07,1.2075858,粤传媒,1161058174.0,4725506768.18,4,8,0.024133840480224003
2018-06-29,sz.002073,5.75,1.169655,0,5.57,1.1330399999999998,软控股份,935444674.0,5210426834.18,3,10,0.024443521188030393
2018-06-29,sh.600880,4.26,1.275374,0,4.636,1.387942,博瑞传播,1093332092.0,5068687578.512,7,9,0.02689816439327289
2018-06-29,sz.000733,13.31,1.474868,0,12.796,1.4179119999999998,振华科技,469342218.0,6005703021.528,8,13,0.029396492005656555
2018-07-06,sh.600880,3.65,1.09275,0,3.844,1.1508302,博瑞传播,1093332092.0,4202768561.648,3,7,0.022228396909870864
2018-07-06,sh.601999,5.59,1.482574,0,5.58,1.4799218,出版传媒,550914700.0,3074104026.0,9,2,0.02319628621893059
2018-07-06,sz.002181,4.01,1.189783,0,4.122,1.223014,粤传媒,1161058174.0,4785881793.228,7,9,0.024361385124085623
2018-07-06,sz.002073,5.75,1.167832,0,5.738,1.1664892,软控股份,933986674.0,5359215535.412001,4,10,0.02507255911339062
2018-07-06,sz.000733,13.2,1.462679,0,13.1,1.4515978,振华科技,469342218.0,6148383055.8,8,13,0.029996708795656968
2018-07-13,sh.600880,3.69,1.104725,0,3.66,1.0957436000000005,博瑞传播,1093332092.0,4001595456.7200003,3,7,0.021590661620296932
2018-07-13,sh.601999,5.4,1.432183,0,5.472,1.4512784,出版传媒,550914700.0,3014605238.4,8,2,0.023139008164542896
2018-07-13,sz.002181,4.11,1.219454,0,4.0920000000000005,1.2141132,粤传媒,1161058174.0,4751050048.008,6,8,0.024680397242907666
2018-07-13,sz.002073,5.89,1.196266,0,5.7860000000000005,1.1751435999999995,软控股份,933986674.0,5404046895.764001,5,11,0.025811620495603704
2018-07-13,sz.000917,5.55,0.792157,0,5.506,0.7858768,电广传媒,1417556338.0,7805065197.028,1,15,0.02726925436427565
2018-07-13,sz.000733,14.15,1.567947,0,13.53,1.4992454,振华科技,469342218.0,6350200209.54,9,13,0.03163076898875337
2018-07-20,sh.600880,3.69,1.104725,0,3.7039999999999997,1.1089163999999998,博瑞传播,1093332092.0,4049702068.7679996,4,7,0.021336953910705697
2018-07-20,sh.601999,5.45,1.445444,0,5.4220000000000015,1.4380176000000002,出版传媒,550914700.0,2987059503.400001,9,2,0.022458134898640715
2018-07-20,sz.002181,4.12,1.222421,0,4.1080000000000005,1.2188603999999998,粤传媒,1161058174.0,4769626978.792001,6,8,0.024185162936529035
2018-07-20,sz.002073,5.9,1.198297,0,5.884,1.1950473999999998,软控股份,933986674.0,5495577589.816,5,11,0.02559767438915944
2018-07-20,sz.000917,5.56,0.7935840000000001,0,5.545999999999999,0.7915861999999999,电广传媒,1417556338.0,7861767450.547999,1,14,0.026670395417424806
2018-07-27,sh.600880,3.94,1.179571,0,3.868,1.1580152,博瑞传播,1093332092.0,4229008531.856,5,7,0.02197236721998021
2018-07-27,sh.601999,5.62,1.490531,0,5.5939999999999985,1.4836352,出版传媒,550914700.0,3081816831.799999,9,2,0.0228655746355051
2018-07-27,sz.002181,4.28,1.269893,0,4.254,1.2621790000000002,粤传媒,1161058174.0,4939141472.195999,7,8,0.024694693749348202
2018-07-27,sz.002073,5.96,1.210483,0,6.0260000000000025,1.2238878,软控股份,933986674.0,5628203697.524002,6,11,0.025843249652892135
2018-07-27,sz.000733,13.73,1.521407,0,14.024000000000001,1.5539851999999998,振华科技,469342218.0,6582055265.232,10,13,0.03153730832122374
2018-08-03,sh.600880,3.67,1.098737,0,3.766,1.127478,博瑞传播,1093332092.0,4117488658.472,5,7,0.02269901350748515
2018-08-03,sh.601999,5.21,1.381791,0,5.4079999999999995,1.4343043999999998,出版传媒,550914700.0,2979346697.6,9,3,0.023424515897735507
2018-08-03,sz.002181,3.88,1.151212,0,4.055999999999999,1.2034318000000002,粤传媒,1161058174.0,4709251953.7439995,7,9,0.024986983886696214
2018-08-03,sz.002073,5.56,1.129243,0,5.792000000000002,1.1763622,软控股份,933986674.0,5409650815.8080015,6,11,0.02637116001137492
2018-08-03,sz.000733,12.56,1.391761,0,13.108,1.452484,振华科技,469342218.0,6152137793.544001,10,12,0.0312884092581735
2018-08-10,sh.600880,3.85,1.152626,0,3.732,1.1172992,博瑞传播,1093332092.0,4080315367.3440003,5,7,0.023695109958854134
2018-08-10,sh.601999,5.38,1.426878,0,5.2879999999999985,1.402478,出版传媒,550914700.0,2913236933.599999,10,3,0.02418033753932964
2018-08-10,sz.002181,3.85,1.142311,0,3.806,1.129256,粤传媒,1161058174.0,4418987410.244,6,8,0.02469172439280528
2018-08-10,sz.000793,3.54,0.7173109999999999,0,3.482,0.705558,华闻集团,2001294740.0,6968508284.68,1,14,0.02602498209522993
2018-08-10,sz.002073,5.72,1.161739,0,5.624,1.1422414,软控股份,933986674.0,5252741054.575999,7,10,0.026947666899322997
2018-08-10,sz.000733,12.76,1.413923,0,12.541999999999998,1.3897662,振华科技,469342218.0,5886490098.155999,9,12,0.03151649141224419
2018-08-17,sh.600880,3.65,1.09275,0,3.7560000000000002,1.1244843999999998,博瑞传播,1093332092.0,4106555337.552,6,7,0.02319925787404378
2018-08-17,sh.601999,5.14,1.363226,0,5.324,1.412026,出版传媒,550914700.0,2933069862.7999997,10,2,0.023734137601042152
2018-08-17,sz.002181,3.62,1.074069,0,3.7739999999999996,1.1197613999999998,粤传媒,1161058174.0,4381833548.676,5,8,0.023811882671709483
2018-08-17,sz.000793,3.31,0.671891,0,3.468,0.7039633999999999,华闻集团,2001294740.0,6940490158.32,1,14,0.025130181164816585
2018-08-17,sz.002073,5.56,1.129243,0,5.709999999999999,1.159708,软控股份,933986674.0,5333063908.539999,7,11,0.02659088559613252
2018-08-17,sz.000917,5.14,0.733637,0,5.276,0.7530488000000001,电广传媒,1417556338.0,7479027239.288,2,15,0.027014962536564033
2018-08-17,sz.000733,12.31,1.364059,0,12.648,1.4015122,振华科技,469342218.0,5936240373.264,9,12,0.030900186388589747
2018-08-24,sh.600880,3.73,1.117773,0,3.716,1.1129376,博瑞传播,1093332092.0,4062822053.872,6,7,0.023413667405579902
2018-08-24,sz.002181,3.65,1.08297,0,3.642,1.0805964,粤传媒,1161058174.0,4228573869.7079997,5,8,0.023422598101513745
2018-08-24,sh.601999,5.24,1.389748,0,5.234,1.3881566,出版传媒,550914700.0,2883487539.8,10,2,0.023899171477141067
2018-08-24,sz.000793,3.38,0.6861,0,3.3340000000000005,0.6767628000000001,华闻集团,2001294740.0,6672316663.160001,1,14,0.02444260261354467
2018-08-24,sz.000917,5.15,0.735065,0,5.1579999999999995,0.7362065999999999,电广传媒,1417556338.0,7311755591.403999,2,15,0.026719159873867557
2018-08-24,sz.002073,5.75,1.167832,0,5.74,1.165801,软控股份,933986674.0,5361083508.76,7,11,0.027210249057707834
2018-08-24,sz.000733,12.48,1.382896,0,12.488,1.3837826000000002,振华科技,469342218.0,5861145618.384,9,12,0.031077930740975042
2018-08-31,sh.600880,3.62,1.084809,0,3.724,1.1159751999999998,博瑞传播,1093332092.0,4071568710.6080003,6,7,0.022956768107171652
2018-08-31,sz.002181,3.7,1.087798,0,3.67,1.0849606,粤传媒,1161058174.0,4261083498.58,5,8,0.02303269581916889
2018-08-31,sh.601999,5.19,1.379039,0,5.282,1.4034844,出版传媒,550914700.0,2909931445.4,10,3,0.023656825264430786
2018-08-31,sz.000793,3.27,0.663772,0,3.3680000000000003,0.6836644000000001,华闻集团,2001294740.0,6740360684.320001,1,14,0.024079174742295262
2018-08-31,sz.000917,5.05,0.719847,0,5.178,0.7388722,电广传媒,1417556338.0,7340106718.164,2,15,0.026154413088594182
2018-08-31,sz.002073,5.58,1.121056,0,5.744,1.1616918,软控股份,933986674.0,5364819455.455999,7,11,0.026554265241309785
2018-08-31,sz.000733,12.6,1.38675,0,12.734000000000002,1.4034238,振华科技,469342218.0,5976603804.012001,9,12,0.030889695363917752
2018-09-07,sh.600880,3.65,1.0938,0,3.6279999999999992,1.0872069999999998,博瑞传播,1093332092.0,3966608829.775999,6,7,0.022578981094422815
2018-09-07,sz.002181,3.7,1.087798,0,3.6439999999999997,1.071334,粤传媒,1161058174.0,4230895986.0559998,5,8,0.023025646217542838
2018-09-07,sh.601999,5.32,1.413581,0,5.266,1.3992327999999998,出版传媒,550914700.0,2901116810.2,9,3,0.02374896658449906
2018-09-07,sz.000793,3.83,0.7774449999999999,0,3.516,0.7137068000000001,华闻集团,2001294740.0,7036552305.84,1,14,0.025502275633521178
2018-09-07,sz.002073,5.53,1.111011,0,5.5539999999999985,1.1158325999999998,软控股份,933986674.0,5187361987.395999,7,11,0.025863148812778045
2018-09-07,sz.000917,5.14,0.732676,0,5.118,0.7295398,电广传媒,1417556338.0,7255053337.884001,2,15,0.026218372910404155
2018-09-07,sz.000733,13.23,1.456087,0,13.262,1.4596091999999998,振华科技,469342218.0,6224416495.116,10,13,0.032479347473093965
2018-09-14,sz.002181,3.59,1.055458,0,3.5839999999999996,1.053694,粤传媒,1161058174.0,4161232495.6159997,5,8,0.023278023639377515
2018-09-14,sh.600880,3.77,1.12976,0,3.7,1.108783,博瑞传播,1093332092.0,4045328740.4,6,7,0.023669620217021042
2018-09-14,sh.601999,5.21,1.3843530000000002,0,5.254,1.3960444,出版传媒,550914700.0,2894505833.7999997,9,3,0.02435897951236834
2018-09-14,sz.002073,5.53,1.111011,0,5.522,1.1094035999999998,软控股份,933986674.0,5157474413.828,7,10,0.026430176062152234
2018-09-14,sz.000917,5.16,0.735527,0,5.098,0.7266888000000001,电广传媒,1417556338.0,7226702211.124,1,15,0.02683852253180985
2018-09-14,sz.000733,13.52,1.488005,0,13.424000000000001,1.477439,振华科技,469342218.0,6300449934.432,10,13,0.033792252321441126
2018-09-21,sz.002181,3.79,1.114258,0,3.6239999999999997,1.0654539999999997,粤传媒,1161058174.0,4207674822.5759997,5,8,0.02319097921937445
2018-09-21,sh.600880,3.89,1.165721,0,3.766,1.1285614,博瑞传播,1093332092.0,4117488658.472,7,7,0.023730685575245394
2018-09-21,sh.601999,5.3,1.408267,0,5.232,1.3901987999999998,出版传媒,550914700.0,2882385710.4,9,3,0.023852342074690072
2018-09-21,sz.000793,3.62,0.737251,0,3.5480000000000005,0.7225872000000001,华闻集团,2001294740.0,7100593737.520001,1,14,0.026162576617892445
2018-09-21,sz.002073,5.65,1.135119,0,5.581999999999999,1.1214578000000002,软控股份,933986674.0,5213513614.267999,6,10,0.02633786000928012
2018-09-21,sz.000733,13.69,1.506715,0,13.638,1.500992,振华科技,469342218.0,6400889169.084,10,13,0.033833635048107595
2018-10-08,sz.002181,3.52,1.034878,0,3.662,1.076626,粤传媒,1161058174.0,4251795033.1879997,5,7,0.023038996303559663
2018-10-08,sh.601999,5.07,1.3471540000000002,0,5.242000000000001,1.3928559999999999,出版传媒,550914700.0,2887894857.4000006,9,3,0.02364849634838687
2018-10-08,sh.600880,3.95,1.183701,0,4.002,1.1992838,博瑞传播,1093332092.0,4375515032.184,7,8,0.024813755330150546
2018-10-08,sz.002073,5.37,1.078866,0,5.450000000000001,1.0949380000000002,软控股份,933986674.0,5090227373.300001,6,10,0.025236396693394995
2018-10-08,sz.000793,3.3,0.672079,0,3.52,0.7168846,华闻集团,2001294740.0,7044557484.8,1,15,0.025270818508037324
2018-10-08,sz.000733,12.73,1.401058,0,13.407999999999998,1.4756778,振华科技,469342218.0,6292940458.943999,10,13,0.03267480392680806
2018-10-15,sz.002181,3.02,0.8878780000000001,0,3.26,0.9584379999999999,粤传媒,1161058174.0,3785049647.24,5,7,0.02323917648854574
2018-10-15,sz.000793,2.69,0.547846,0,2.99,0.6089444,华闻集团,2001294740.0,5983871272.6,1,14,0.02424130324013972
2018-10-15,sh.601999,4.42,1.174442,0,4.76,1.2647834000000002,出版传媒,550914700.0,2622353972.0,9,3,0.024385377130924202
2018-10-15,sz.002073,4.64,0.932204,0,4.9719999999999995,0.9989049999999999,软控股份,933986674.0,4643781743.127999,6,10,0.026070919571966077
2018-10-15,sh.600880,3.66,1.096796,0,3.8480000000000003,1.1531344,博瑞传播,1093332092.0,4207141890.0160003,7,8,0.02704173806275246
2018-10-22,sz.002181,3.11,0.914338,0,2.98,0.8761180000000001,粤传媒,1161058174.0,3459953358.52,5,7,0.022847740811530928
2018-10-22,sz.000793,2.81,0.572286,0,2.712,0.5523271999999999,华闻集团,2001294740.0,5427511334.88,1,14,0.023537636424187672
2018-10-22,sz.000917,4.08,0.581579,0,3.94,0.561623,电广传媒,1417556338.0,5585171971.72,2,15,0.024120365245738254
2018-10-22,sh.601999,4.62,1.227584,0,4.41,1.1717848,出版传媒,550914700.0,2429533827.0,9,3,0.02437369123432805
2018-10-22,sz.002073,4.69,0.94225,0,4.53,0.9101046,软控股份,933986674.0,4230959633.2200003,6,9,0.025525746524403384
2018-10-22,sh.600880,3.78,1.132757,0,3.614,1.0830113999999995,博瑞传播,1093332092.0,3951302180.488,7,8,0.02732674981127327
2018-10-29,sz.002181,3.09,0.908458,0,3.1060000000000003,0.913162,粤传媒,1161058174.0,3606246688.4440002,5,7,0.02310883085878534
2018-10-29,sz.000793,2.71,0.555588,0,2.742,0.5591704000000001,华闻集团,2001294740.0,5487550177.08,1,14,0.023110294643273646
2018-10-29,sz.002073,4.59,0.918929,0,4.593999999999999,0.9223166,软控股份,933986674.0,4290734780.3559995,6,10,0.025111892584476547
2018-10-29,sh.601999,4.78,1.235283,0,4.718000000000001,1.2466608,出版传媒,550914700.0,2599215554.6000004,9,3,0.02519858860131259
2018-10-29,sh.600880,3.83,1.146011,0,3.814,1.1425995999999998,博瑞传播,1093332092.0,4169968598.888,8,8,0.027979638575886645
2018-11-05,sz.002181,3.3,0.973311,0,3.1860000000000004,0.9391004000000001,粤传媒,1161058174.0,3699131342.3640003,5,7,0.023037296587008982
2018-11-05,sz.000793,2.98,0.610942,0,2.8260000000000005,0.5793695999999999,华闻集团,2001294740.0,5655658935.240001,1,14,0.023235619351505282
2018-11-05,sh.601999,5.03,1.29989,0,4.926,1.2730132,出版传媒,550914700.0,2713805812.2000003,9,3,0.025075256744114486
2018-11-05,sz.002073,4.91,0.982994,0,4.8039999999999985,0.9617724,软控股份,933986674.0,4486871981.895999,6,10,0.025461538492696858
2018-11-05,sh.600880,3.95,1.181918,0,3.838,1.148405,博瑞传播,1093332092.0,4196208569.096,8,8,0.027296179280868728
2018-11-05,sz.000733,12.0,1.306772,0,11.808,1.2858634000000002,振华科技,469342218.0,5541992910.144,10,13,0.03281951455577235
2018-11-12,sz.002181,3.53,1.041147,0,3.378,0.996316,粤传媒,1161058174.0,3922054511.7720003,6,7,0.023397550869089182
2018-11-12,sh.601999,5.17,1.33607,0,5.07,1.3102272,出版传媒,550914700.0,2793137529.0,10,3,0.0247421325829415
2018-11-12,sz.002073,5.05,1.011022,0,4.888,0.9785896000000001,软控股份,933986674.0,4565326862.512,5,10,0.024798789539332546
2018-11-12,sz.000793,3.29,0.674496,0,3.228,0.6617850000000001,华闻集团,2001294740.0,6460179420.72,1,14,0.025367611510389507
2018-11-12,sh.600880,4.13,1.235777,0,3.996,1.1956818,博瑞传播,1093332092.0,4368955039.632,8,8,0.027218148996918996
2018-11-12,sz.000733,12.0,1.306772,0,11.86,1.291526,振华科技,469342218.0,5566398705.48,9,12,0.03155946330851031
2018-11-19,sz.002181,3.85,1.135529,0,3.734,1.1013156000000002,粤传媒,1161058174.0,4335391221.716,6,7,0.02403632721738943
2018-11-19,sz.002073,5.38,1.077089,0,5.257999999999999,1.0526643999999998,软控股份,933986674.0,4910901931.891999,5,9,0.0248076386607725
2018-11-19,sh.601999,5.63,1.454946,0,5.5520000000000005,1.4347889999999999,出版传媒,550914700.0,3058678414.4,10,3,0.025125870815758726
2018-11-19,sz.000793,3.77,0.772903,0,3.596,0.7372302,华闻集团,2001294740.0,7196655885.04,1,15,0.026353605519916386
2018-11-19,sh.600880,4.51,1.349481,0,4.442,1.329134,博瑞传播,1093332092.0,4856581152.6640005,8,8,0.028110765854980135
2018-11-19,sz.000733,12.46,1.356865,0,12.264,1.3355207999999998,振华科技,469342218.0,5756012961.552,9,12,0.03033963108423842
2018-11-26,sz.002073,4.98,0.997008,0,5.104000000000001,1.0218332,软控股份,933986674.0,4767067984.096001,5,7,0.024511559990079278
2018-11-26,sh.601999,5.25,1.356744,0,5.4,1.3955082,出版传媒,550914700.0,2974939380.0,10,3,0.02483480087383501
2018-11-26,sz.002181,4.08,1.203366,0,4.2040000000000015,1.2399388,粤传媒,1161058174.0,4881088563.496002,7,9,0.027535342879741
2018-11-26,sh.600880,4.34,1.298614,0,4.436,1.3273388000000002,博瑞传播,1093332092.0,4850021160.1119995,9,8,0.0285594487717088
2018-11-26,sz.000733,11.32,1.232721,0,11.820000000000002,1.2871700000000001,振华科技,469342218.0,5547625016.760001,8,12,0.029758798405605268
2018-12-03,sz.002073,5.11,1.023034,0,5.018,1.0046156,软控股份,933986674.0,4686745130.132,5,7,0.024134386065799394
2018-12-03,sz.002181,4.08,1.203366,0,4.136,1.2198826,粤传媒,1161058174.0,4802136607.6640005,7,9,0.027122063136996707
2018-12-03,sh.600880,4.29,1.2836530000000002,0,4.295999999999999,1.2854478,博瑞传播,1093332092.0,4696954667.231999,9,8,0.027687281514349286
2018-12-03,sz.000733,11.95,1.301327,0,11.592,1.2623415999999998,振华科技,469342218.0,5440614991.056001,8,12,0.02922404857080957
2018-12-10,sz.002073,4.86,0.972984,0,5.048,1.0106218,软控股份,933986674.0,4714764730.352,5,8,0.02425217954759258
2018-12-10,sh.600880,4.06,1.214832,0,4.212,1.2603133999999998,博瑞传播,1093332092.0,4605114771.504,8,7,0.02711196658450014
2018-12-10,sz.002181,4.19,1.23581,0,4.232,1.248197,粤传媒,1161058174.0,4913598192.368,7,9,0.027718219763981262
2018-12-10,sz.000733,12.06,1.313306,0,12.042000000000002,1.3113456000000001,振华科技,469342218.0,5651818989.156001,9,12,0.03032381412935478
2018-12-17,sz.002073,4.75,0.950961,0,4.856,0.972183,软控股份,933986674.0,4535439288.944,5,8,0.023817152579918444
2018-12-17,sh.601999,5.31,1.37225,0,5.372000000000001,1.3882720000000002,出版传媒,550914700.0,2959513768.4000006,10,3,0.025160185986904164
2018-12-17,sz.000793,3.19,0.652671,0,3.3,0.675177,华闻集团,2001294740.0,6604272642.0,1,14,0.025233859473764674
2018-12-17,sh.600880,4.02,1.202863,0,4.1,1.2268008,博瑞传播,1093332092.0,4482661577.2,8,7,0.026932955247531046
2018-12-17,sz.002181,4.0,1.17977,0,4.154000000000001,1.2251914,粤传媒,1161058174.0,4823035654.7960005,7,9,0.02776896042617088
2018-12-17,sz.000733,12.13,1.320929,0,12.044,1.3115636,振华科技,469342218.0,5652757673.592,9,12,0.03095893123155835
2018-12-24,sz.002073,4.65,0.930941,0,4.62,0.924935,软控股份,933986674.0,4315018433.88,5,8,0.023287422101267448
2018-12-24,sz.000793,3.12,0.6383489999999999,0,3.176,0.6498066,华闻集团,2001294740.0,6356112094.240001,1,14,0.024969018958215076
2018-12-24,sh.601999,5.2,1.343823,0,5.202000000000001,1.3443398000000002,出版传媒,550914700.0,2865858269.4000006,10,3,0.025028207704481116
2018-12-24,sh.600880,3.88,1.160972,0,3.906,1.168752,博瑞传播,1093332092.0,4270555151.352,8,7,0.026365688405532918
2018-12-24,sz.002181,3.85,1.135529,0,3.890000000000001,1.1473268,粤传媒,1161058174.0,4516516296.860002,7,9,0.02672194974661673
2018-12-24,sz.000733,11.45,1.2468780000000002,0,11.594,1.2625591999999999,振华科技,469342218.0,5441553675.492,9,12,0.030626448796335762
2019-01-02,sz.002073,4.47,0.894905,0,4.544,0.9097198000000001,软控股份,933986674.0,4244035446.6559997,4,8,0.02258680736013908
2019-01-02,sz.000793,3.03,0.6199359999999999,0,3.008,0.6154345999999999,华闻集团,1997245457.0,6007714334.656,1,14,0.02340212072613518
2019-01-02,sh.601999,5.08,1.312811,0,5.081999999999999,1.3133279999999998,出版传媒,550914700.0,2799748505.3999996,10,2,0.02399219714883612
2019-01-02,sh.600880,3.73,1.116089,0,3.7560000000000002,1.1238692,博瑞传播,1093332092.0,4106555337.552,8,7,0.02496081910790717
2019-01-02,sz.002181,3.61,1.064743,0,3.7,1.0912876,粤传媒,1161058174.0,4295915243.8,6,9,0.025035796312890192
2019-01-09,sz.002073,4.62,0.924935,0,4.564,0.9137238,软控股份,933986674.0,4262715180.136,4,8,0.022343555895048176
2019-01-09,sz.000793,3.24,0.6629010000000001,0,3.156,0.6457148,华闻集团,1997245457.0,6303306662.292,1,14,0.024134473060783035
2019-01-09,sh.601999,5.47,1.413598,0,5.3260000000000005,1.3763843999999998,出版传媒,550914700.0,2934171692.2000003,10,3,0.02481541360941989
2019-01-09,sh.600880,3.9,1.166957,0,3.858,1.1543898000000001,博瑞传播,1093332092.0,4218075210.936,6,7,0.025268511514124924
2019-01-09,sz.002181,4.84,1.427522,0,4.0760000000000005,1.2021858,粤传媒,1161058174.0,4732473117.224001,7,9,0.027176220857440488
2019-01-16,sz.002073,4.99,0.99901,0,4.852000000000001,0.9713818,软控股份,933986674.0,4531703342.248001,4,8,0.023133641313297176
2019-01-16,sz.000793,3.29,0.673131,0,3.252,0.6653562,华闻集团,1997245457.0,6495042226.164,1,14,0.024264188050243635
2019-01-16,sh.600880,3.91,1.169949,0,3.912,1.1705473999999998,博瑞传播,1093332092.0,4277115143.904,6,7,0.024938033453066867
2019-01-16,sz.002181,4.7,1.38623,0,4.741999999999999,1.3986178,粤传媒,1161058174.0,5505737861.107999,9,10,0.030778276379076604
2019-01-16,sz.000733,11.7,1.39752,0,11.76,1.4046868,振华科技,514805618.0,6054114067.68,10,12,0.03221393057030913
2019-01-23,sz.002073,4.8,0.960972,0,4.846,0.9701812,软控股份,933986674.0,4526099422.204,4,8,0.023535153337426187
2019-01-23,sz.000793,3.16,0.646533,0,3.2960000000000003,0.6743585999999999,华闻集团,1997245457.0,6582921026.272,1,14,0.024954662319410077
2019-01-23,sh.601999,5.38,1.390339,0,5.427999999999999,1.4027438,出版传媒,550914700.0,2990364991.5999994,10,3,0.02514055073498696
2019-01-23,sh.600880,3.8,1.137035,0,3.87,1.1579802,博瑞传播,1093332092.0,4231195196.04,6,7,0.025162125334625744
2019-01-23,sz.000733,11.42,1.364075,0,11.558,1.3805584,振华科技,514805618.0,5950123332.844,9,13,0.03226361654393748
2019-01-30,sz.000793,2.78,0.568786,0,2.984,0.6105240000000001,华闻集团,1997245457.0,5959780443.688,1,14,0.0231336108025268
2019-01-30,sz.002073,4.4,0.880891,0,4.645999999999999,0.9301406,软控股份,933986674.0,4339302087.403999,5,8,0.023183666985552617
2019-01-30,sh.600880,3.26,0.975456,0,3.594,1.0753956,博瑞传播,1093332092.0,3929435538.648,6,7,0.024037309963051215
2019-01-30,sh.601999,5.14,1.328317,0,5.32,1.3748340000000001,出版传媒,550914700.0,2930866204.0,10,3,0.025406171764859337
2019-01-30,sz.002181,4.0,1.17977,0,4.305999999999999,1.2700228,粤传媒,1161058174.0,4999516497.2439995,8,10,0.02930079621005119
2019-02-13,sz.002073,4.45,0.890901,0,4.26,0.8528624,软控股份,933986674.0,3978783231.24,3,8,0.020966389377372607
2019-02-13,sz.000793,2.98,0.6097060000000001,0,2.8520000000000003,0.5835172000000001,华闻集团,1997245457.0,5696144043.364,1,11,0.021756616644191894
2019-02-13,sh.600880,3.57,1.068214,0,3.4279999999999995,1.025725,博瑞传播,1093332092.0,3747942411.3759995,6,7,0.022630817813482182
2019-02-13,sh.601999,5.5,1.421351,0,5.3279999999999985,1.3769014000000002,出版传媒,550914700.0,2935273521.599999,10,3,0.025155561887989106
2019-02-13,sz.002181,4.38,1.291849,0,4.168,1.2293208,粤传媒,1161058174.0,4839290469.232,7,9,0.02798865389141973
2019-02-20,sz.002073,4.76,0.952964,0,4.617999999999999,0.9245348,软控股份,933986674.0,4313150460.532,3,8,0.02096541599185049
2019-02-20,sz.000793,3.21,0.656763,0,3.0980000000000003,0.6338481999999999,华闻集团,1997245457.0,6187466425.786,1,11,0.021757663959810172
2019-02-20,sh.600880,3.73,1.116089,0,3.6660000000000004,1.0969394,博瑞传播,1093332092.0,4008155449.2720003,6,7,0.022339368863063216
2019-02-20,sh.601999,5.73,1.480789,0,5.6240000000000006,1.4533956,出版传媒,550914700.0,3098344272.8,9,3,0.024541864228320207
2019-02-20,sz.002181,4.56,1.344938,0,4.537999999999999,1.3384496000000001,粤传媒,1161058174.0,5268881993.6119995,7,10,0.028122392296233062
2019-02-27,sz.002073,5.07,1.015026,0,4.984,0.9978087999999999,软控股份,933986674.0,4654989583.216,4,8,0.0202266152380865
2019-02-27,sh.600880,4.06,1.214832,0,3.924,1.1741381999999998,博瑞传播,1093332092.0,4290235129.008,6,5,0.021364078352023634
2019-02-27,sz.000793,4.09,0.8368110000000001,0,3.5660000000000003,0.7296005999999999,华闻集团,1997245457.0,7122177299.662001,1,14,0.022421353219144343
2019-02-27,sh.601999,6.2,1.60225,0,6.0760000000000005,1.5702048000000002,出版传媒,550914700.0,3347357717.2000003,10,3,0.02366539718154688
2019-02-27,sz.002181,5.24,1.545499,0,5.090000000000002,1.5012578,粤传媒,1161058174.0,5909786105.660002,9,10,0.028186962671851043
2019-03-06,sz.002073,6.02,1.205219,0,5.4620000000000015,1.0935056,软控股份,933986674.0,5101435213.388001,3,8,0.020682023750462512
2019-03-06,sh.600880,4.33,1.295621,0,4.172,1.2483445999999998,博瑞传播,1093332092.0,4561381487.823999,5,5,0.021219169786976744
2019-03-06,sz.000793,4.31,0.8818219999999999,0,4.0,0.8183968,华闻集团,1997245457.0,7988981828.0,1,14,0.02337991321376446
2019-03-06,sz.002181,6.25,1.829918,0,5.5920000000000005,1.6439858,粤传媒,1161058174.0,6492637309.008,9,10,0.028864106564270676
2019-03-06,sz.000733,14.84,1.7725810000000002,0,13.944,1.6655571999999998,振华科技,514805618.0,7178449537.392,10,12,0.030380606659912296
2019-03-13,sh.600880,4.44,1.328535,0,4.488,1.3428978,博瑞传播,1093332092.0,4906874428.896001,5,5,0.021228769227362596
2019-03-13,sh.601999,6.78,1.7521380000000002,0,6.676,1.7252614000000002,出版传媒,550914700.0,3677906537.2000003,9,3,0.022656947125839568
2019-03-13,sz.002073,6.78,1.357372,0,6.6,1.3213358,软控股份,933986674.0,6164312048.4,3,9,0.02323679388672123
2019-03-13,sz.000793,4.65,0.951386,0,4.5,0.9206962,华闻集团,1997245457.0,8987604556.5,1,14,0.02443967669956325
2019-03-13,sz.000733,15.15,1.809609,0,15.272,1.8241817999999999,振华科技,514805618.0,7862111398.096,10,12,0.030940526747682676
2019-03-20,sh.600880,4.46,1.3345200000000002,0,4.43,1.3255434,博瑞传播,1093332092.0,4843461167.559999,5,5,0.021220081196223532
2019-03-20,sz.002073,6.6,1.321336,0,6.33,1.2672814,软控股份,933986674.0,5912135646.42,3,8,0.02259891523934671
2019-03-20,sh.601999,6.7,1.731464,0,6.596000000000001,1.7045872000000002,出版传媒,550914700.0,3633833361.200001,8,3,0.02260814840578661
2019-03-20,sz.000793,5.02,1.027088,0,4.506,0.9219238000000001,华闻集团,1997245457.0,8999588029.242,1,14,0.024915102702019284
2019-03-20,sz.000733,14.9,1.779748,0,14.934000000000001,1.7838088,振华科技,514805618.0,7688107099.212001,10,12,0.030666877514882104
2019-03-27,sh.600880,4.42,1.322551,0,4.714,1.4105216,博瑞传播,1093332092.0,5153967481.688001,5,6,0.021515616849743124
2019-03-27,sh.601999,6.49,1.677194,0,6.73,1.7392166,出版传媒,550914700.0,3707655931.0,8,3,0.021903688089137445
2019-03-27,sz.002073,6.29,1.259273,0,6.6960000000000015,1.3405554000000002,软控股份,933986674.0,6253974769.104001,4,8,0.02281713353076562
2019-03-27,sz.000733,14.81,1.7689979999999998,0,15.232,1.8194038,振华科技,514805618.0,7841519173.375999,9,10,0.02983801366573717
2019-04-03,sh.600880,4.67,1.397356,0,4.5280000000000005,1.354867,博瑞传播,1093332092.0,4950607712.576,6,5,0.020504010561617728
2019-04-03,sz.002073,6.36,1.273287,0,6.247999999999998,1.2508646,软控股份,933986674.0,5835548739.1519985,3,7,0.021105911907445644
2019-04-03,sh.601999,6.98,1.803823,0,6.728,1.7386993999999998,出版传媒,550914700.0,3706554101.6,8,3,0.02176048914046767
2019-04-03,sz.000793,4.76,0.973892,0,4.702,0.9620252,华闻集团,1997245457.0,9391048138.814,1,14,0.02466585166020032
2019-04-03,sz.002181,6.36,1.862124,0,6.352,1.859782,粤传媒,1161058174.0,7375041521.248,10,10,0.02914198143490922
2019-04-11,sh.600880,4.53,1.355465,0,4.5920000000000005,1.3740165999999998,博瑞传播,1093332092.0,5020580966.464001,6,5,0.02052788945578777
2019-04-11,sz.002073,6.05,1.211225,0,6.2840000000000025,1.2580719999999999,软控股份,933986674.0,5869172259.416002,3,7,0.020973461464262013
2019-04-11,sh.601999,6.87,1.775396,0,6.94,1.7934861999999998,出版传媒,550914700.0,3823348018.0,10,3,0.022121745217935966
2019-04-11,sz.000793,4.41,0.902282,0,4.564,0.9337903999999998,华闻集团,1997245457.0,9115428265.748,1,14,0.02371379975265852
2019-04-11,sz.002181,5.85,1.712803,0,6.0340000000000025,1.7666759999999997,粤传媒,1161058174.0,7005825021.916003,8,10,0.027336552493344414
2019-04-18,sh.600880,4.62,1.382395,0,4.532,1.3560636,博瑞传播,1093332092.0,4954981040.944,6,5,0.020391137401280734
2019-04-18,sz.002073,6.07,1.215229,0,6.112,1.2236373999999999,软控股份,933986674.0,5708526551.488,3,6,0.020512822212604444
2019-04-18,sz.000793,4.36,0.8920520000000001,0,4.412,0.9026912,华闻集团,1997245457.0,8811846956.284,1,14,0.022988359392264755
2019-04-18,sz.002181,5.86,1.715731,0,5.912000000000001,1.7309559999999995,粤传媒,1161058174.0,6864175924.688001,9,9,0.026949386156832712
2019-04-18,sz.000733,15.71,1.676347,0,15.836000000000002,1.8515188000000002,振华科技,514805618.0,8152461766.648001,10,11,0.030209886616904214
2019-04-25,sz.002073,5.58,1.117129,0,5.892,1.1795924000000002,软控股份,933986674.0,5503049483.208,3,6,0.019751015443870056
2019-04-25,sh.600880,4.24,1.268692,0,4.468000000000001,1.3369136,博瑞传播,1093332092.0,4885007787.056001,6,5,0.020095803841655054
2019-04-25,sz.000793,4.03,0.824535,0,4.296,0.8789580000000001,华闻集团,1997245457.0,8580166483.272,1,14,0.022302859696722785
2019-04-25,sz.002181,5.75,1.6835240000000002,0,5.976,1.7496940000000003,粤传媒,1161058174.0,6938483647.824,10,9,0.027223727382897207
2019-04-25,sz.000733,14.69,1.567507,0,15.276,1.6300365999999995,振华科技,514805618.0,7864170620.568,8,10,0.027732993709330432
2019-05-07,sz.002073,5.02,1.092149,0,5.247999999999998,1.1227988000000002,软控股份,933986674.0,4901562065.1519985,4,6,0.020498716139374273
2019-05-07,sh.601999,5.92,1.478327,0,6.2639999999999985,1.56423,出版传媒,550914700.0,3450929680.799999,10,2,0.022143650068423323
2019-05-07,sz.002181,4.88,1.420709,0,5.03,1.4678166000000001,粤传媒,1161058174.0,5840122615.22,6,8,0.025719756008840453
2019-05-07,sz.000793,3.85,1.604943,0,3.906,1.4605951999999998,华闻集团,1997245457.0,7801240755.042,5,14,0.029371914562270934
2019-05-07,sz.000733,15.15,1.566725,0,15.024000000000001,1.5634514,振华科技,514805618.0,7734439604.832001,9,13,0.030270208745347034
2019-05-14,sz.002073,5.47,1.190051,0,5.322,1.1578522,软控股份,933986674.0,4970677079.028,4,6,0.02165822866658096
2019-05-14,sh.601999,5.96,1.488316,0,5.9659999999999975,1.4898143999999998,出版传媒,550914700.0,3286757100.199999,7,3,0.021774816791604295
2019-05-14,sh.600880,4.04,1.570857,0,4.037999999999999,1.5700794,博瑞传播,1093332092.0,4414874987.495999,10,5,0.024811755811700115
2019-05-14,sz.002181,5.0,1.4556440000000002,0,4.9719999999999995,1.4474922,粤传媒,1161058174.0,5772781241.127999,6,8,0.02621120971030215
2019-05-14,sz.000793,3.78,1.575763,0,3.734,1.5565868000000005,华闻集团,1997245457.0,7457714536.438,9,12,0.0306360900470333
2019-05-21,sh.601999,6.09,1.520779,0,6.0939999999999985,1.521778,出版传媒,550914700.0,3357274181.799999,8,2,0.02177191852664459
2019-05-21,sz.002073,5.99,1.303182,0,5.676,1.2348683999999999,软控股份,933986674.0,5301308361.624001,4,6,0.022678271690433995
2019-05-21,sh.600880,4.01,1.559192,0,4.0280000000000005,1.5661908000000002,博瑞传播,1093332092.0,4403941666.576,10,5,0.024252107282410326
2019-05-21,sz.002181,5.05,1.4702,0,5.074,1.4771874,粤传媒,1161058174.0,5891209174.875999,6,9,0.026252654454860688
2019-05-21,sz.000793,3.62,1.509064,0,3.698,1.5415794000000005,华闻集团,1997245457.0,7385813699.986,9,12,0.029804014355042992
2019-05-28,sh.601999,6.04,1.508293,0,5.944,1.4843206,出版传媒,550914700.0,3274636976.8,9,2,0.021532512174805233
2019-05-28,sh.600880,3.98,1.547527,0,3.932,1.5288636,博瑞传播,1093332092.0,4298981785.7439995,10,5,0.024001749828915578
2019-05-28,sz.002073,6.0,1.305358,0,5.928,1.2896936,软控股份,933986674.0,5536673003.472,4,8,0.024007426873333276
2019-05-28,sz.002181,5.13,1.493491,0,5.042,1.4678714,粤传媒,1161058174.0,5854055313.308,7,9,0.02644315653556467
2019-05-28,sz.000793,3.53,1.471546,0,3.5380000000000003,1.4748806,华闻集团,1997245457.0,7066254426.866,8,12,0.028900723535237087
2019-06-04,sh.601999,6.03,1.505796,0,6.068,1.5152856,出版传媒,550914700.0,3342950399.6,10,3,0.022083551278151276
2019-06-04,sh.600880,3.7,1.438656,0,3.886,1.5109778,博瑞传播,1093332092.0,4248688509.512,9,5,0.02386552381808455
2019-06-04,sz.002073,5.95,1.29448,0,5.99,1.3031824,软控股份,933986674.0,5594580177.26,4,7,0.02447391634772636
2019-06-04,sz.002181,4.72,1.374128,0,4.922,1.432936,粤传媒,1161058174.0,5714728332.4279995,6,8,0.0260301204408084
2019-06-04,sz.000793,3.29,1.371497,0,3.442,1.4348611999999998,华闻集团,1997245457.0,6874518862.994,7,12,0.028387281490544022
2019-06-12,sh.601999,6.07,1.515785,0,6.0520000000000005,1.5112898,出版传媒,550914700.0,3334135764.4,10,3,0.02179788296678812
2019-06-12,sh.600880,3.76,1.461985,0,3.7,1.438656,博瑞传播,1093332092.0,4045328740.4,8,5,0.022498304012849926
2019-06-12,sz.002181,4.73,1.377039,0,4.626,1.3467618,粤传媒,1161058174.0,5371055112.924001,6,6,0.0242388776044815
2019-06-12,sz.002073,6.12,1.331465,0,6.0840000000000005,1.3236328000000002,软控股份,933986674.0,5682374924.616,5,9,0.024632123792683074
2019-06-12,sz.000793,3.66,1.5257379999999998,0,3.58,1.4923888,华闻集团,1997245457.0,7150138736.06,9,11,0.029263584789198924
2019-06-19,sh.601999,6.08,1.518282,0,6.064,1.5142864,出版传媒,550914700.0,3340746740.8,10,3,0.02224004304146259
2019-06-19,sh.600880,3.81,1.481427,0,3.7700000000000014,1.4658736,博瑞传播,1093332092.0,4121861986.8400016,9,5,0.0233431096581672
2019-06-19,sz.002073,5.81,1.2640209999999998,0,5.9339999999999975,1.2909988,软控股份,933986674.0,5542276923.515998,4,9,0.0244650030969973
2019-06-19,sz.002181,4.73,1.377039,0,4.72,1.374128,粤传媒,1161058174.0,5480194581.28,6,8,0.02518437433145752
2019-06-19,sz.000793,3.5,1.459039,0,3.514,1.4648754,华闻集团,1997245457.0,7018320535.898,8,12,0.029250652344482493
2019-06-26,sh.601999,6.24,1.558237,0,6.26,1.5632312000000002,出版传媒,550914700.0,3448726022.0,10,3,0.022659794083537323
2019-06-26,sz.002073,5.71,1.242265,0,5.7760000000000025,1.2566242,软控股份,933986674.0,5394707029.024002,4,6,0.02344017537157366
2019-06-26,sh.600880,3.93,1.528086,0,3.936,1.530419,博瑞传播,1093332092.0,4303355114.1119995,9,5,0.024031128453977847
2019-06-26,sz.002181,4.86,1.414886,0,4.896,1.4253666,粤传媒,1161058174.0,5684540819.904,7,9,0.025721931937112877
2019-06-26,sz.000793,3.47,1.446533,0,3.55,1.4798828000000002,华闻集团,1997245457.0,7090221372.349999,8,12,0.029073182957330426
2019-07-03,sh.601999,6.2,1.5482479999999998,0,6.234,1.5567383999999995,出版传媒,550914700.0,3434402239.8,10,3,0.022236974995634845
2019-07-03,sh.600880,3.83,1.489203,0,3.86,1.500868,博瑞传播,1093332092.0,4220261875.12,9,5,0.023146081183522807
2019-07-03,sz.002073,6.17,1.342343,0,5.957999999999998,1.2962201999999998,软控股份,933986674.0,5564692603.6919985,4,8,0.023595262464629452
2019-07-03,sz.002181,4.8,1.397418,0,4.843999999999999,1.4102278,粤传媒,1161058174.0,5624165794.855999,6,9,0.024863155855859097
2019-07-03,sz.000793,3.39,1.413184,0,3.4219999999999997,1.4265237999999998,华闻集团,1997245457.0,6834573953.853999,7,12,0.02730137407307966
2019-07-10,sh.601999,5.93,1.480824,0,6.042000000000002,1.5087928000000002,出版传媒,550914700.0,3328626617.400001,10,3,0.022519661516761585
2019-07-10,sh.600880,3.72,1.446432,0,3.734,1.4518756000000002,博瑞传播,1093332092.0,4082502031.528,8,5,0.023376185435374734
2019-07-10,sz.002181,4.53,1.318813,0,4.586,1.3351166,粤传媒,1161058174.0,5324612785.964001,4,8,0.024542778411939283
2019-07-10,sz.002073,6.27,1.364099,0,6.2120000000000015,1.3514802,软控股份,933986674.0,5801925218.888001,5,10,0.02564293003155851
2019-07-10,sz.000793,3.23,1.346485,0,3.2920000000000003,1.3723309999999995,华闻集团,1997245457.0,6574932044.444,6,12,0.027364474650138797
2019-07-17,sh.601999,5.93,1.480824,0,5.901999999999999,1.4738322,出版传媒,550914700.0,3251498559.3999996,9,3,0.021936157868226225
2019-07-17,sh.600880,3.84,1.493092,0,3.78,1.4697622,博瑞传播,1093332092.0,4132795307.7599998,8,5,0.023602971022150206
2019-07-17,sz.002181,4.61,1.3421040000000002,0,4.58,1.3333700000000002,粤传媒,1161058174.0,5317646436.92,5,8,0.024455729513021877
2019-07-17,sz.002073,6.17,1.342343,0,6.1240000000000006,1.3323352,软控股份,933986674.0,5719734391.576,4,10,0.02522492313923368
2019-07-17,sz.000793,3.32,1.384003,0,3.27,1.3631598,华闻集团,1997245457.0,6530992644.39,6,12,0.027125835540406915
2019-07-24,sh.601999,5.86,1.463344,0,5.819999999999999,1.4533553999999995,出版传媒,550914700.0,3206323553.9999995,7,3,0.021977608045453626
2019-07-24,sh.600880,3.8,1.477538,0,3.77,1.4658733999999998,博瑞传播,1093332092.0,4121861986.84,9,5,0.023907208490397572
2019-07-24,sz.002181,4.52,1.315902,0,4.532,1.3193958,粤传媒,1161058174.0,5261915644.568,4,8,0.024560022113921366
2019-07-24,sz.002073,6.39,1.390206,0,6.222,1.353656,软控股份,933986674.0,5811265085.628,6,11,0.026006673486153382
2019-07-24,sz.000793,3.19,1.32981,0,3.196,1.3323114,华闻集团,1997245457.0,6383196480.5720005,5,12,0.026897165561147143
2019-07-24,sz.000733,15.22,1.573964,0,14.941999999999998,1.545215,振华科技,514805618.0,7692225544.155999,10,14,0.03176175639026262
2019-07-31,sh.601999,5.91,1.47583,0,5.9,1.473333,出版传媒,550914700.0,3250396730.0,7,3,0.02166540678609389
2019-07-31,sh.600880,3.84,1.48686,0,3.84,1.4918454,博瑞传播,1093332092.0,4198395233.2799997,8,5,0.023653171852458375
2019-07-31,sz.002181,4.46,1.298434,0,4.508000000000001,1.3124083999999998,粤传媒,1161058174.0,5234050248.392001,4,8,0.02372171615420586
2019-07-31,sz.002073,6.53,1.420664,0,6.376,1.3871600000000002,软控股份,933986674.0,5955099033.424001,6,11,0.025872657185120173
2019-07-31,sz.000793,3.13,1.304798,0,3.1719999999999997,1.3223066,华闻集团,1997245457.0,6335262589.603999,5,12,0.025908493484129966
2019-08-07,sh.601999,5.35,1.335988,0,5.610000000000001,1.4009148,出版传媒,550914700.0,3090631467.0000005,6,4,0.021723529452784492
2019-08-07,sz.002181,3.98,1.158693,0,4.202,1.2233232,粤传媒,1161058174.0,4878766447.148,4,8,0.02328514727983204
2019-08-07,sh.600880,3.57,1.382315,0,3.682,1.4256822,博瑞传播,1093332092.0,4025648762.744,8,5,0.02385041748326303
2019-08-07,sz.000793,2.88,1.200581,0,3.028,1.2622773999999999,华闻集团,1997245457.0,6047659243.7960005,5,11,0.02603305526145703
2019-08-07,sz.002073,6.53,1.420664,0,6.556,1.4263210000000002,软控股份,933986674.0,6123216634.744,9,12,0.028009960661332937
2019-08-14,sh.601999,5.45,1.36096,0,5.402,1.3489736,出版传媒,550914700.0,2976041209.4,6,4,0.02164306252603894
2019-08-14,sz.002181,3.99,1.161604,0,3.984,1.1598572,粤传媒,1161058174.0,4625655765.216,4,8,0.022850632636272895
2019-08-14,sh.600880,3.52,1.362955,0,3.526,1.3652784,博瑞传播,1093332092.0,3855088956.3919997,7,5,0.023634908313040874
2019-08-14,sz.000793,2.94,1.2016440000000002,0,2.952,1.2114362,华闻集团,1997245457.0,5895868589.064,5,12,0.026051499901362535
2019-08-14,sz.002073,6.0,1.305358,0,6.311999999999999,1.3732364,软控股份,933986674.0,5895323886.287999,8,11,0.027913738047252078
2019-08-21,sh.601999,5.71,1.425887,0,5.596,1.397419,出版传媒,550914700.0,3082918661.2,8,4,0.021654415462835662
2019-08-21,sz.002181,4.45,1.295523,0,4.198,1.2221588,粤传媒,1161058174.0,4874122214.452001,4,8,0.023224726374957892
2019-08-21,sh.600880,3.66,1.417164,0,3.6,1.3939316000000002,博瑞传播,1093332092.0,3935995531.2000003,7,5,0.02329442153586135
2019-08-21,sz.000793,3.1,1.267039,0,3.03,1.2384288,华闻集团,1997245457.0,6051653734.71,5,12,0.02572365559057041
2019-08-21,sz.002073,6.04,1.31406,0,6.068,1.3201518,软控股份,933986674.0,5667431137.832,6,11,0.025879035436290262
2019-08-28,sh.601999,5.78,1.420866,0,5.76,1.4249344000000002,出版传媒,550914700.0,3173268672.0,8,4,0.021922127188572903
2019-08-28,sh.600880,3.7,1.432652,0,3.662,1.4179384000000002,博瑞传播,1093332092.0,4003782120.904,7,5,0.02347148788758375
2019-08-28,sz.002181,4.43,1.289701,0,4.4060000000000015,1.2827133999999998,粤传媒,1161058174.0,5115622314.644002,5,9,0.024158283330619534
2019-08-28,sz.002073,6.11,1.31459,0,6.066,1.31095,软控股份,933986674.0,5665563164.484,6,11,0.025546551933433213
2019-08-28,sz.000793,3.18,1.299737,0,3.124,1.2768488000000002,华闻集团,1997245457.0,6239394807.668,4,12,0.026294435341942014
2019-09-04,sh.601999,5.91,1.452823,0,5.854,1.4390572,出版传媒,550914700.0,3225054653.8,7,4,0.021565376166595086
2019-09-04,sh.600880,3.77,1.459756,0,3.718,1.4396216,博瑞传播,1093332092.0,4065008718.0559998,8,5,0.02318600319881249
2019-09-04,sz.002181,4.7,1.358488,0,4.619999999999999,1.339133,粤传媒,1161058174.0,5364088763.879999,6,9,0.02461015691071085
2019-09-04,sz.002073,6.4,1.376984,0,6.1480000000000015,1.3227654000000002,软控股份,933986674.0,5742150071.752002,5,10,0.02516211412101696
2019-09-04,sz.000793,3.19,1.303824,0,3.19,1.3038242,华闻集团,1997245457.0,6371213007.83,4,12,0.026169078356918365
2019-09-04,sz.000917,6.46,0.8961110000000001,0,6.3500000000000005,0.8842261999999999,电广传媒,1417556338.0,9001482746.300001,2,15,0.026744711021674108
2019-09-11,sh.601999,6.02,1.4798639999999998,0,5.994,1.4734726,出版传媒,550914700.0,3302182711.7999997,7,4,0.02035546327210875
2019-09-11,sh.600880,3.82,1.479116,0,3.814,1.4767928,博瑞传播,1093332092.0,4169968598.888,8,5,0.021912309322347914
2019-09-11,sz.002181,4.66,1.346926,0,4.68,1.3527069999999999,粤传媒,1161058174.0,5433752254.32,5,8,0.022906018098584092
2019-09-11,sz.000793,3.29,1.344697,0,3.26,1.3324349999999998,华闻集团,1997245457.0,6511020189.82,4,12,0.024597705881823074
2019-09-11,sz.002073,6.63,1.42647,0,6.614,1.4230274,软控股份,933986674.0,6177387861.8359995,6,11,0.024906701302310152
2019-09-19,sh.601999,5.91,1.452823,0,5.968,1.4670812000000002,出版传媒,550914700.0,3287858929.6,8,3,0.02003080403068376
2019-09-19,sh.600880,3.75,1.452012,0,3.7739999999999996,1.4613048,博瑞传播,1093332092.0,4126235315.2079997,7,5,0.021441650041333183
2019-09-19,sz.002181,4.55,1.315132,0,4.598,1.329006,粤传媒,1161058174.0,5338545484.052,5,8,0.02227553799683673
2019-09-19,sz.000793,3.11,1.271127,0,3.1919999999999997,1.304642,华闻集团,1997245457.0,6375207498.7439995,4,12,0.023852468812910206
2019-09-19,sz.002073,6.2,1.333954,0,6.410000000000001,1.3791360000000001,软控股份,933986674.0,5986854580.340001,6,10,0.023897861793064884
2019-09-26,sh.601999,5.56,1.366785,0,5.741999999999999,1.4115248,出版传媒,550914700.0,3163352207.3999996,8,3,0.019668479721380243
2019-09-26,sh.600880,3.48,1.347467,0,3.624,1.4032246000000002,博瑞传播,1093332092.0,3962235501.408,7,5,0.021006789564837307
2019-09-26,sz.002181,4.19,1.211078,0,4.39,1.2688856000000002,粤传媒,1161058174.0,5097045383.86,5,8,0.02168870933276991
2019-09-26,sz.002073,5.76,1.239286,0,5.9739999999999975,1.2853287999999998,软控股份,933986674.0,5579636390.475998,6,10,0.022710619588005576
2019-09-26,sz.000793,2.85,1.164859,0,2.9939999999999998,1.2237149999999999,华闻集团,1997245457.0,5979752898.257999,4,12,0.022809312130490852
2019-09-26,sz.000917,5.91,0.819816,0,6.162000000000001,0.854773,电广传媒,1417556338.0,8734982154.756,2,15,0.024039399324004677
2019-10-10,sh.601999,5.69,1.398742,0,5.6080000000000005,1.3785842,出版传媒,550914700.0,3089529637.6000004,7,4,0.020214944395189616
2019-10-10,sh.600880,3.68,1.424908,0,3.604,1.3954802000000002,博瑞传播,1093332092.0,3940368859.5680003,8,5,0.02197062414851151
2019-10-10,sz.002181,4.32,1.248653,0,4.2639999999999985,1.2324668,粤传媒,1161058174.0,4950752053.935998,6,7,0.022131971296765824
2019-10-10,sz.002073,5.72,1.23068,0,5.728,1.232401,软控股份,933986674.0,5349875668.672,5,10,0.022871584529297658
2019-10-10,sz.000793,2.94,1.2016440000000002,0,2.9219999999999997,1.194287,华闻集团,1997245457.0,5835951225.353999,4,11,0.02337271640446071
2019-10-17,sh.601999,5.73,1.408575,0,5.744,1.4120166,出版传媒,550914700.0,3164454036.7999997,6,4,0.020517808620345412
2019-10-17,sh.600880,3.95,1.5294530000000002,0,3.716,1.4388473999999998,博瑞传播,1093332092.0,4062822053.872,8,5,0.022454462741776048
2019-10-17,sz.002073,5.73,1.232831,0,5.728,1.232401,软控股份,933986674.0,5349875668.672,5,8,0.02268333210371497
2019-10-17,sz.000793,3.01,1.2302540000000002,0,3.006,1.2286194,华闻集团,1997245457.0,6003719843.742,4,12,0.02385054333523915
2019-10-17,sz.002181,4.94,1.427858,0,4.92,1.4220770000000005,粤传媒,1161058174.0,5712406216.08,7,10,0.025324064344388143
2019-10-24,sh.601999,5.59,1.374159,0,5.5600000000000005,1.3667846,出版传媒,550914700.0,3063085732.0000005,6,4,0.02025524627428045
2019-10-24,sz.002073,5.64,1.21817,0,5.622000000000001,1.2133383999999998,软控股份,933986674.0,5250873081.228001,5,8,0.02273322843040392
2019-10-24,sh.600880,3.68,1.424908,0,3.73,1.444268,博瑞传播,1093332092.0,4078128703.16,7,5,0.022982837210212527
2019-10-24,sz.000793,2.95,1.205731,0,2.9619999999999997,1.2106358,华闻集团,1997245457.0,5915841043.634,4,11,0.023952702656606352
2019-10-24,sz.002181,5.42,1.551764,0,5.207999999999998,1.4965791999999998,粤传媒,1161058174.0,6046790970.1919985,9,12,0.027233234843754096
2019-10-31,sh.601999,5.62,1.390099,0,5.6800000000000015,1.4031996000000002,出版传媒,550914700.0,3129195496.000001,6,4,0.020340481360974785
2019-10-31,sz.002073,4.66,1.006502,0,5.3740000000000006,1.1607176000000001,软控股份,933986674.0,5019244386.076,4,7,0.021261621870373285
2019-10-31,sh.600880,3.62,1.386734,0,3.664,1.4127196000000002,博瑞传播,1093332092.0,4005968785.0880003,7,5,0.022039815470901423
2019-10-31,sz.000793,3.04,1.24226,0,3.1979999999999995,1.3069354,华闻集团,1997245457.0,6387190971.485999,5,12,0.025282545691608427
2019-10-31,sz.002181,5.04,1.442968,0,5.124,1.4670178,粤传媒,1161058174.0,5949262083.575999,8,11,0.026152367764856813
2019-11-07,sz.002073,4.48,0.967625,0,4.416,0.9538014,软控股份,933986674.0,4124485152.3840003,3,6,0.017896951007830973
2019-11-07,sh.601999,5.53,1.367838,0,5.5900000000000025,1.3826788,出版传媒,550914700.0,3079613173.0000014,6,4,0.020592340131771508
2019-11-07,sh.600880,3.59,1.375242,0,3.612,1.3836697999999998,博瑞传播,1093332092.0,3949115516.304,7,5,0.022208007101471503
2019-11-07,sz.000793,2.99,1.221828,0,2.992,1.222645,华闻集团,1997245457.0,5975758407.344,5,10,0.02421277151164567
2019-11-07,sz.002181,5.27,1.508818,0,5.218,1.4939303999999998,粤传媒,1161058174.0,6058401551.932,8,11,0.02729027022565543
2019-11-14,sz.002073,4.37,0.943866,0,4.396,0.9494816,软控股份,933986674.0,4105805418.904,4,6,0.01834937380358466
2019-11-14,sh.601999,5.31,1.313421,0,5.386,1.3322196000000002,出版传媒,550914700.0,2967226574.2000003,6,4,0.02042428804705219
2019-11-14,sh.600880,3.59,1.375242,0,3.582,1.3721774,博瑞传播,1093332092.0,3916315553.5439997,8,5,0.0226753188495174
2019-11-14,sz.000793,2.97,1.213655,0,2.98,1.2177412,华闻集团,1997245457.0,5951791461.86,5,11,0.024840398834977725
2019-11-14,sz.002181,4.64,1.328447,0,4.792,1.3719652,粤传媒,1161058174.0,5563790769.808,7,10,0.02581133362693831
2019-11-14,sz.000733,15.79,1.512428,0,15.742,1.5078302,振华科技,514805618.0,8104070038.556001,9,15,0.03215694532994515
2019-11-21,sz.002073,4.39,0.948186,0,4.364,0.9425698,软控股份,933986674.0,4075917845.336,4,6,0.018007115908043117
2019-11-21,sh.601999,5.45,1.34805,0,5.4419999999999975,1.3460712,出版传媒,550914700.0,2998077797.3999987,6,4,0.020334105254965606
2019-11-21,sh.600880,3.73,1.428873,0,3.7,1.4173804,博瑞传播,1093332092.0,4045328740.4,8,5,0.023105155351272645
2019-11-21,sz.000793,3.04,1.24226,0,2.9539999999999997,1.2071166000000002,华闻集团,1997245457.0,5899863079.978,5,11,0.024357505039486867
2019-11-21,sz.002181,4.91,1.405749,0,4.824,1.381127,粤传媒,1161058174.0,5600944631.375999,7,10,0.02567732189572403
2019-11-21,sz.000733,15.2,1.455915,0,15.354,1.470666,振华科技,514805618.0,7904325458.771999,9,15,0.031041229005699784
2019-11-28,sz.002073,4.25,0.917947,0,4.306,0.9300424,软控股份,933986674.0,4021746618.244,3,6,0.018191775372284297
2019-11-28,sh.601999,5.23,1.293633,0,5.376,1.3297459999999999,出版传媒,550914700.0,2961717427.2000003,6,4,0.020580901842818182
2019-11-28,sh.600880,3.6,1.379073,0,3.674,1.4074204,博瑞传播,1093332092.0,4016902106.008,8,5,0.023500708688443193
2019-11-28,sz.000793,2.91,1.189137,0,2.9360000000000004,1.1997612,华闻集团,1997245457.0,5863912661.752001,5,11,0.02478336662298828
2019-11-28,sz.002181,4.7,1.345625,0,4.776,1.3673845999999998,粤传媒,1161058174.0,5545213839.024,7,10,0.026030313696079655
2019-11-28,sz.000733,14.8,1.417602,0,14.845999999999998,1.4220077999999998,振华科技,514805618.0,7642804204.827999,9,15,0.03072288434253373
2019-12-05,sz.002073,4.49,0.969784,0,4.3820000000000014,0.9464574,软控股份,933986674.0,4092729605.4680014,3,6,0.018293886512733726
2019-12-05,sh.601999,5.38,1.330735,0,5.319999999999999,1.3158944,出版传媒,550914700.0,2930866203.9999995,6,4,0.020146969505164564
2019-12-05,sh.600880,3.72,1.425042,0,3.66,1.4020572000000002,博瑞传播,1093332092.0,4001595456.7200003,8,5,0.02315019640253446
2019-12-05,sz.000793,2.94,1.201396,0,2.908,1.1883192,华闻集团,1997245457.0,5807989788.955999,5,11,0.02425149195171189
2019-12-05,sz.002181,4.75,1.359941,0,4.715999999999998,1.3502062,粤传媒,1161058174.0,5475550348.583998,7,10,0.025402088888390004
2019-12-12,sz.002073,4.56,0.984904,0,4.6080000000000005,0.9952709999999999,软控股份,933986674.0,4303810593.792001,3,6,0.018556130309474964
2019-12-12,sh.601999,5.92,1.464304,0,5.67,1.4024666,出版传媒,550914700.0,3123686349.0,6,4,0.020734471059346442
2019-12-12,sh.600880,3.9,1.493996,0,3.844,1.4725436,博瑞传播,1093332092.0,4202768561.648,8,5,0.023469521822647433
2019-12-12,sz.000793,2.94,1.201396,0,2.958,1.2087511999999998,华闻集团,1997245457.0,5907852061.806001,5,11,0.023789679706243187
2019-12-12,sz.002181,4.97,1.422927,0,5.008,1.4338066,粤传媒,1161058174.0,5814579335.392,7,10,0.02602257620942775
2019-12-19,sz.002073,4.86,1.0497,0,4.8180000000000005,1.0406284,软控股份,933986674.0,4499947795.332001,4,6,0.018614061449631132
2019-12-19,sh.601999,6.28,1.553349,0,5.9860000000000015,1.4806285999999995,出版传媒,550914700.0,3297775394.200001,6,4,0.021030784800729924
2019-12-19,sh.600880,4.08,1.562949,0,3.974,1.5223429999999998,博瑞传播,1093332092.0,4344901733.608,8,5,0.02329938807220916
2019-12-19,sz.000793,3.28,1.340333,0,3.074,1.256153,华闻集团,1997245457.0,6139532534.818,5,11,0.02371212963938577
2019-12-19,sz.002181,5.42,1.551764,0,5.19,1.4859142,粤传媒,1161058174.0,6025891923.06,7,10,0.025877154115273297
2019-12-26,sz.002073,4.72,1.019462,0,4.738,1.0233496,软控股份,933986674.0,4425228861.412001,4,6,0.01839788643011652
2019-12-26,sh.601999,5.99,1.481618,0,5.957999999999998,1.473703,出版传媒,550914700.0,3282349782.599999,6,4,0.02103695028951326
2019-12-26,sh.600880,3.95,1.513149,0,3.904,1.4955278,博瑞传播,1093332092.0,4268368487.1679997,7,5,0.023003937995433703
2019-12-26,sz.000793,3.3,1.3485049999999998,0,3.182,1.300286,华闻集团,1997245457.0,6355235044.174,5,11,0.024670187126502513
2019-12-26,sz.002181,5.96,1.706368,0,5.386,1.5420295999999998,粤传媒,1161058174.0,6253459325.1640005,8,10,0.026990461666557115
2020-01-03,sz.002073,4.87,1.05186,0,4.7360000000000015,1.0229171999999995,软控股份,933986674.0,4423360888.064001,3,6,0.01796743934561805
2020-01-03,sh.601999,6.15,1.5211940000000002,0,6.056,1.4979432,出版传媒,550914700.0,3336339423.2,6,4,0.020947449333759915
2020-01-03,sh.600880,4.11,1.574442,0,4.04,1.5476261999999998,博瑞传播,1093332092.0,4417061651.68,7,5,0.023298684632185915
2020-01-03,sz.000793,3.58,1.462924,0,3.4520000000000004,1.4106184000000002,华闻集团,1997245457.0,6894491317.564001,5,12,0.026134230528224583
2020-01-03,sz.002181,6.09,1.743587,0,5.924,1.6960604,粤传媒,1161058174.0,6878108622.776,10,11,0.029012307820954642
2020-01-10,sz.002073,4.9,1.058339,0,4.876,1.0531554,软控股份,933986674.0,4554119022.424001,4,5,0.017763339100630327
2020-01-10,sh.601999,6.74,1.667129,0,6.5539999999999985,1.6211226,出版传媒,550914700.0,3610694943.799999,7,4,0.021769803175904247
2020-01-10,sh.600880,4.14,1.585934,0,4.1880000000000015,1.6043216,博瑞传播,1093332092.0,4578874801.296001,6,6,0.023192835683864196
2020-01-10,sz.000793,3.38,1.381196,0,3.474,1.4196084,华闻集团,1997245457.0,6938430717.618,5,10,0.025255260078616358
2020-01-10,sz.002181,5.87,1.6806,0,6.1560000000000015,1.7624830000000002,粤传媒,1161058174.0,7147474119.144002,9,11,0.02895036367421778
2020-01-17,sz.002073,4.71,1.0173020000000002,0,4.81,1.0389004000000002,软控股份,933986674.0,4492475901.94,3,5,0.017318937178764184
2020-01-17,sh.600880,4.08,1.562949,0,4.142,1.5866997999999999,博瑞传播,1093332092.0,4528581525.064,6,6,0.022692480934581004
2020-01-17,sh.601999,7.11,1.758648,0,7.1960000000000015,1.7799204000000004,出版传媒,550914700.0,3964382181.200001,9,4,0.023658278804276327
2020-01-17,sz.000793,3.52,1.438406,0,3.394000000000001,1.3869174000000002,华闻集团,1997245457.0,6778651081.058002,5,9,0.02437931433509734
2020-01-17,sz.002181,6.23,1.783669,0,5.996,1.7166742,粤传媒,1161058174.0,6961704811.304001,8,11,0.027873927159648863
2020-02-03,sz.002073,4.01,0.86611,0,4.51,0.974104,软控股份,933986674.0,4212279899.74,3,5,0.016751649367493043
2020-02-03,sh.600880,3.52,1.348427,0,3.898000000000001,1.4932294000000002,博瑞传播,1093332092.0,4261808494.616001,6,6,0.02208367507599393
2020-02-03,sh.601999,7.23,1.78833,0,7.1960000000000015,1.7799203999999995,出版传媒,550914700.0,3964382181.200001,9,4,0.02449642020362943
2020-02-03,sz.000793,3.02,1.2340870000000002,0,3.442,1.406532,华闻集团,1997245457.0,6874518862.994,5,12,0.025485708947273658
2020-02-03,sz.002181,4.94,1.414338,0,5.5520000000000005,1.5895555999999995,粤传媒,1161058174.0,6446194982.048,8,10,0.026635489247553122
2020-02-10,sz.002073,4.23,0.913628,0,4.08,0.8812293999999999,软控股份,933986674.0,3810665629.92,3,5,0.01584308871465909
2020-02-10,sh.600880,3.7,1.41738,0,3.5800000000000005,1.3714109999999995,博瑞传播,1093332092.0,3914128889.3600006,7,6,0.02127481872041626
2020-02-10,sz.000793,3.16,1.291296,0,3.056,1.2487976,华闻集团,1997245457.0,6103582116.592,5,11,0.023630987304843434
2020-02-10,sz.002181,5.35,1.531723,0,5.12,1.4658730000000002,粤传媒,1161058174.0,5944617850.88,8,10,0.025693015563405665
2020-02-17,sz.002073,4.36,0.941706,0,4.234,0.9144916,软控股份,933986674.0,3954499577.716,2,4,0.015412214046091811
2020-02-17,sh.600880,3.68,1.409719,0,3.64,1.394396,博瑞传播,1093332092.0,3979728814.88,7,5,0.020299300960405175
2020-02-17,sz.000793,3.16,1.291296,0,3.0980000000000003,1.2659606,华闻集团,1997245457.0,6187466425.786,5,10,0.022449109071154893
2020-02-17,sz.002181,5.25,1.503092,0,5.188,1.4853413999999998,粤传媒,1161058174.0,6023569806.712,8,9,0.02440924683369075
2020-02-24,sz.002073,4.85,1.04754,0,4.593999999999999,0.9922472,软控股份,933986674.0,4290734780.3559995,2,5,0.01528264480271915
2020-02-24,sh.600880,3.97,1.520811,0,3.814,1.4610512000000002,博瑞传播,1093332092.0,4169968598.888,7,4,0.01947342242062466
2020-02-24,sz.000793,3.37,1.37711,0,3.278,1.3452362,华闻集团,1997245457.0,6546970608.0460005,5,11,0.02174881703022049
2020-02-24,sz.002181,5.59,1.600435,0,5.46,1.5700872,粤传媒,1161058174.0,6339377630.04,8,9,0.023547715471606015
2020-03-02,sz.002073,4.66,1.006502,0,4.746,1.0250772,软控股份,933986674.0,4432700754.804001,2,5,0.015303279640945711
2020-03-02,sh.600880,3.74,1.432704,0,3.766,1.4426636,博瑞传播,1093332092.0,4117488658.472,7,4,0.018709909661375115
2020-03-02,sz.000793,3.14,1.283123,0,3.222,1.3166316,华闻集团,1997245457.0,6435124862.4539995,5,10,0.020644590580103674
2020-03-02,sz.002181,5.21,1.49164,0,5.2860000000000005,1.5133991999999998,粤传媒,1161058174.0,6137353507.764001,8,8,0.02205084499785806
2020-03-02,sh.601999,7.89,1.95158,0,8.192,2.0262794,出版传媒,550914700.0,4513093222.4,10,6,0.02458566140513553
2020-03-09,sz.002073,4.72,1.019462,0,4.8039999999999985,1.0376046,软控股份,933986674.0,4486871981.895999,2,6,0.01576567158786953
2020-03-09,sh.600880,3.81,1.459519,0,3.817999999999999,1.4625836,博瑞传播,1093332092.0,4174341927.255999,7,4,0.019278075137018312
2020-03-09,sz.000793,3.35,1.368937,0,3.3300000000000005,1.3607643999999999,华闻集团,1997245457.0,6650827371.810001,5,11,0.02172564871688357
2020-03-09,sz.002181,5.47,1.574909,0,5.516,1.5810148000000002,粤传媒,1161058174.0,6404396887.784,8,10,0.02343032472437056
2020-03-09,sh.601999,7.7,1.904584,0,7.976000000000001,1.9728524,出版传媒,550914700.0,4394095647.200001,10,5,0.02431027385034657
2020-03-16,sz.002073,4.33,0.935226,0,4.746,1.0250772,软控股份,933986674.0,4432700754.804001,2,6,0.01609960199582219
2020-03-16,sh.600880,3.64,1.394396,0,3.8160000000000003,1.4618171999999998,博瑞传播,1093332092.0,4172155263.0720005,7,5,0.019886871449175975
2020-03-16,sz.000793,3.14,1.283123,0,3.344,1.3664856,华闻集团,1997245457.0,6678788808.208,5,11,0.02256199149592615
2020-03-16,sz.002181,4.93,1.419433,0,5.273999999999999,1.518477,粤传媒,1161058174.0,6123420809.675999,8,10,0.023215755739668963
2020-03-16,sh.601999,6.77,1.67455,0,7.415999999999999,1.8343372,出版传媒,550914700.0,4085583415.1999993,10,4,0.02331116728606269
2020-03-16,sz.000917,6.68,0.905332,0,7.186,0.9739094000000001,电广传媒,1417556338.0,10186559844.868,1,15,0.023837095375799172
2020-03-23,sz.002073,4.15,0.896349,0,4.279999999999999,0.9244272,软控股份,933986674.0,3997462964.7199993,2,6,0.01598812184798621
2020-03-23,sh.600880,3.55,1.354774,0,3.5800000000000005,1.3682896,博瑞传播,1093332092.0,3914128889.3600006,8,5,0.020423134053254837
2020-03-23,sz.002181,4.5,1.295629,0,4.728,1.361274,粤传媒,1161058174.0,5489483046.672,7,10,0.022900830308435413
2020-03-23,sz.000793,3.0,1.225914,0,3.1060000000000003,1.2692294,华闻集团,1997245457.0,6203444389.442,6,11,0.02310880592091131
2020-03-23,sh.601999,6.63,1.639921,0,6.87,1.6992847999999998,出版传媒,550914700.0,3784783989.0,10,4,0.023621618038115282
2020-03-23,sz.000917,6.11,0.828081,0,6.48,0.8782261999999998,电广传媒,1417556338.0,9185765070.24,1,15,0.023910427421447136
2020-03-30,sz.002073,4.06,0.8769100000000001,0,4.206,0.9084438,软控股份,933986674.0,3928347950.8440003,3,5,0.015771814849227805
2020-03-30,sz.002181,4.49,1.29275,0,4.612,1.3278756,粤传媒,1161058174.0,5354800298.488,7,9,0.022423616406604542
2020-03-30,sh.600880,3.9,1.488343,0,4.002,1.5272688,博瑞传播,1093332092.0,4375515032.184,8,6,0.022889220538249364
2020-03-30,sz.000917,6.08,0.8240149999999999,0,6.244,0.8462416000000001,电广传媒,1417556338.0,8851221774.472,1,15,0.02313901452715948
2020-03-30,sh.601999,6.45,1.595398,0,6.75,1.6696028000000005,出版传媒,550914700.0,3718674225.0,9,4,0.023290257685943762
2020-03-30,sz.000793,3.29,1.344419,0,3.2019999999999995,1.3084588,华闻集团,1997245457.0,6395179953.313999,6,12,0.023915814033839664
